timestamp,BL-4120_._WS_SEN-182___MEA_AI
2017-11-01 00:00:00,8094.0
2017-11-01 00:09:59,
2017-11-01 00:26:39,
2017-11-01 00:41:45,
2017-11-01 00:58:04,
2017-11-01 01:14:47,
2017-11-01 01:30:02,
2017-11-01 01:47:52,
2017-11-01 03:34:51,
2017-11-01 04:05:43,
2017-11-01 04:37:36,
2017-11-01 05:10:34,
2017-11-01 05:42:36,
2017-11-01 06:15:08,
2017-11-01 06:47:05,
2017-11-01 07:19:38,
2017-11-01 07:52:06,
2017-11-01 08:24:09,
2017-11-01 08:56:12,
2017-11-01 09:28:49,
2017-11-01 10:01:39,
2017-11-01 10:32:58,
2017-11-01 11:05:44,
2017-11-01 11:38:37,
2017-11-01 12:09:28,
2017-11-01 12:42:14,
2017-11-01 13:14:32,
2017-11-01 13:30:53,
2017-11-01 13:46:19,
2017-11-01 14:03:48,
2017-11-01 14:19:58,
2017-11-01 14:35:01,
2017-11-01 14:51:59,
2017-11-01 15:02:06,
2017-11-01 15:17:20,
2017-11-01 15:34:41,
2017-11-01 15:50:51,
2017-11-01 16:05:18,
2017-11-01 16:23:06,
2017-11-01 16:38:29,
2017-11-01 16:53:55,
2017-11-01 17:11:29,
2017-11-01 17:26:33,
2017-11-01 17:43:12,
2017-11-01 17:59:38,
2017-11-01 18:15:23,
2017-11-01 18:32:01,
2017-11-01 18:47:58,
2017-11-01 19:02:57,
2017-11-01 19:19:25,
2017-11-01 19:36:41,
2017-11-01 19:52:48,
2017-11-01 20:08:14,
2017-11-01 20:24:11,
2017-11-01 20:40:48,
2017-11-01 20:55:47,
2017-11-01 21:13:20,
2017-11-01 21:28:57,
2017-11-01 21:45:14,
2017-11-01 22:00:18,
2017-11-01 22:16:42,
2017-11-01 22:33:32,
2017-11-01 22:49:04,
2017-11-01 23:05:12,
2017-11-01 23:22:24,
2017-11-01 23:37:23,
2017-11-01 23:53:55,
2017-11-02 00:10:23,
2017-11-02 00:27:15,
2017-11-02 00:42:02,
2017-11-02 00:58:44,
2017-11-02 01:15:00,
2017-11-02 01:30:23,
2017-11-02 01:46:35,
2017-11-02 03:49:33,
2017-11-02 04:22:13,
2017-11-02 04:53:47,
2017-11-02 05:26:39,
2017-11-02 05:59:47,
2017-11-02 06:31:31,
2017-11-02 07:03:39,
2017-11-02 07:35:43,
2017-11-02 08:08:06,
2017-11-02 08:40:01,
2017-11-02 09:12:36,
2017-11-02 09:44:29,
2017-11-02 10:17:08,
2017-11-02 10:49:11,
2017-11-02 11:21:37,
2017-11-02 11:53:17,
2017-11-02 12:26:22,
2017-11-02 12:59:14,
2017-11-02 15:01:03,
2017-11-03 15:01:45,
2017-11-04 15:01:48,
2017-11-05 15:01:26,
2017-11-06 15:02:13,
2017-11-07 03:03:04,
2017-11-07 15:01:20,
2017-11-08 03:03:25,
2017-11-08 15:01:55,
2017-11-09 03:05:12,
2017-11-09 15:01:30,
2017-11-09 15:17:45,
2017-11-09 15:34:06,
2017-11-09 15:49:11,
2017-11-09 16:06:37,
2017-11-09 16:22:31,
2017-11-09 16:38:56,
2017-11-09 16:55:20,
2017-11-09 17:10:19,
2017-11-09 17:26:53,
2017-11-09 17:43:02,
2017-11-09 17:59:51,
2017-11-09 18:15:07,
2017-11-09 18:31:57,
2017-11-09 18:48:02,
2017-11-09 19:03:43,
2017-11-09 19:19:55,8094.0
2017-11-21 18:17:08,5.0
2017-11-21 18:22:12,7.0
2017-11-21 18:27:39,11.0
2017-11-21 18:32:36,13.0
2017-11-21 18:37:44,11.0
2017-11-21 18:42:36,22.0
2017-11-21 18:47:39,17.0
2017-11-21 18:52:38,29.0
2017-11-21 18:58:08,17.0
2017-11-21 19:03:13,35.0
2017-11-21 19:08:13,22.0
2017-11-21 19:13:06,41.0
2017-11-21 19:18:41,23.0
2017-11-21 19:24:06,47.0
2017-11-21 19:29:06,29.0
2017-11-21 19:34:06,47.0
2017-11-21 19:39:06,38.0
2017-11-21 19:44:06,54.0
2017-11-21 19:49:36,38.0
2017-11-21 19:54:38,62.0
2017-11-21 20:00:06,45.0
2017-11-21 20:05:06,68.0
2017-11-21 20:10:10,45.0
2017-11-21 20:15:36,74.0
2017-11-21 20:20:36,52.0
2017-11-21 20:25:43,74.0
2017-11-21 20:30:36,60.0
2017-11-21 20:36:14,80.0
2017-11-21 20:41:05,60.0
2017-11-21 20:46:05,88.0
2017-11-21 20:51:08,68.0
2017-11-21 20:56:13,88.0
2017-11-21 21:01:35,75.0
2017-11-21 21:06:36,96.0
2017-11-21 21:11:36,75.0
2017-11-21 21:16:38,104.0
2017-11-21 21:22:08,83.0
2017-11-21 21:27:05,104.0
2017-11-21 21:32:05,90.0
2017-11-21 21:37:35,104.0
2017-11-21 21:42:39,96.0
2017-11-21 21:48:05,113.0
2017-11-21 21:53:06,96.0
2017-11-21 21:58:36,120.0
2017-11-21 22:03:36,101.0
2017-11-21 22:08:41,120.0
2017-11-21 22:13:35,107.0
2017-11-21 22:19:06,128.0
2017-11-21 22:24:36,107.0
2017-11-21 22:30:05,135.0
2017-11-21 22:35:18,114.0
2017-11-21 22:40:06,135.0
2017-11-21 22:45:05,122.0
2017-11-21 22:50:35,143.0
2017-11-21 22:55:35,122.0
2017-11-21 23:00:35,151.0
2017-11-21 23:06:05,128.0
2017-11-21 23:11:05,151.0
2017-11-21 23:16:05,134.0
2017-11-21 23:21:05,151.0
2017-11-21 23:26:38,140.0
2017-11-21 23:31:40,157.0
2017-11-21 23:36:37,140.0
2017-11-21 23:41:37,164.0
2017-11-21 23:46:35,147.0
2017-11-21 23:52:05,164.0
2017-11-21 23:57:06,155.0
2017-11-22 00:02:11,172.0
2017-11-22 00:07:08,155.0
2017-11-22 00:12:05,180.0
2017-11-22 00:17:35,162.0
2017-11-22 00:22:37,180.0
2017-11-22 00:27:37,169.0
2017-11-22 00:32:35,187.0
2017-11-22 00:37:35,169.0
2017-11-22 00:43:05,193.0
2017-11-22 00:48:14,176.0
2017-11-22 00:53:46,193.0
2017-11-22 00:58:35,183.0
2017-11-22 01:03:35,201.0
2017-11-22 01:08:36,183.0
2017-11-22 01:13:38,209.0
2017-11-22 01:18:35,190.0
2017-11-22 01:23:39,209.0
2017-11-22 01:29:11,197.0
2017-11-22 01:34:35,216.0
2017-11-22 01:39:39,197.0
2017-11-22 01:44:37,
2017-11-22 01:44:47,223.0
2017-11-22 01:49:35,204.0
2017-11-22 01:54:35,223.0
2017-11-22 03:13:05,240.0
2017-11-22 04:04:34,279.0
2017-11-22 04:20:04,282.0
2017-11-22 04:25:04,285.0
2017-11-22 04:30:36,289.0
2017-11-22 04:35:35,292.0
2017-11-22 04:40:37,289.0
2017-11-22 04:45:34,299.0
2017-11-22 04:51:04,296.0
2017-11-22 04:56:34,300.0
2017-11-22 05:01:34,304.0
2017-11-22 05:06:34,307.0
2017-11-22 05:12:05,304.0
2017-11-22 05:17:36,315.0
2017-11-22 05:23:08,311.0
2017-11-22 05:28:34,322.0
2017-11-22 05:33:34,311.0
2017-11-22 05:38:34,330.0
2017-11-22 05:43:34,318.0
2017-11-22 05:48:34,337.0
2017-11-22 05:54:06,318.0
2017-11-22 05:59:35,337.0
2017-11-22 06:04:35,
2017-11-22 06:15:04,326.0
2017-11-22 06:20:35,337.0
2017-11-22 06:25:34,
2017-11-22 06:36:04,326.0
2017-11-22 06:41:06,337.0
2017-11-22 06:46:04,334.0
2017-11-22 06:51:04,337.0
2017-11-22 06:56:04,334.0
2017-11-22 07:01:04,337.0
2017-11-22 07:06:04,334.0
2017-11-22 07:11:35,337.0
2017-11-22 07:17:04,334.0
2017-11-22 07:22:06,337.0
2017-11-22 07:27:04,334.0
2017-11-22 07:32:34,337.0
2017-11-22 07:37:36,334.0
2017-11-22 07:42:34,337.0
2017-11-22 07:47:40,334.0
2017-11-22 07:53:04,347.0
2017-11-22 07:58:05,334.0
2017-11-22 08:03:04,347.0
2017-11-22 08:08:06,334.0
2017-11-22 08:13:37,347.0
2017-11-22 08:18:33,334.0
2017-11-22 08:23:34,354.0
2017-11-22 08:29:03,334.0
2017-11-22 08:34:04,354.0
2017-11-22 08:39:04,334.0
2017-11-22 08:44:04,361.0
2017-11-22 08:49:35,334.0
2017-11-22 08:54:34,361.0
2017-11-22 08:59:36,334.0
2017-11-22 09:05:03,361.0
2017-11-22 09:10:04,345.0
2017-11-22 09:15:13,361.0
2017-11-22 09:20:33,352.0
2017-11-22 09:26:04,361.0
2017-11-22 09:31:03,352.0
2017-11-22 09:36:04,361.0
2017-11-22 09:41:04,352.0
2017-11-22 09:46:03,369.0
2017-11-22 09:51:05,352.0
2017-11-22 09:56:04,378.0
2017-11-22 10:01:35,352.0
2017-11-22 10:06:33,379.0
2017-11-22 10:12:04,360.0
2017-11-22 10:17:05,387.0
2017-11-22 10:22:03,360.0
2017-11-22 10:27:04,394.0
2017-11-22 10:32:03,360.0
2017-11-22 10:37:33,402.0
2017-11-22 10:42:36,360.0
2017-11-22 10:48:03,402.0
2017-11-22 10:53:33,368.0
2017-11-22 10:58:34,402.0
2017-11-22 11:04:03,368.0
2017-11-22 11:09:03,409.0
2017-11-22 11:14:33,368.0
2017-11-22 11:19:34,416.0
2017-11-22 11:25:03,368.0
2017-11-22 11:30:03,416.0
2017-11-22 11:35:33,368.0
2017-11-22 11:40:33,424.0
2017-11-22 11:46:03,368.0
2017-11-22 11:51:35,424.0
2017-11-22 11:56:34,377.0
2017-11-22 12:02:03,431.0
2017-11-22 12:07:03,377.0
2017-11-22 12:12:07,439.0
2017-11-22 12:17:33,377.0
2017-11-22 12:23:04,448.0
2017-11-22 12:28:05,377.0
2017-11-22 12:33:34,448.0
2017-11-22 12:38:33,377.0
2017-11-22 12:43:33,456.0
2017-11-22 12:49:03,385.0
2017-11-22 12:54:03,456.0
2017-11-22 12:59:03,385.0
2017-11-22 13:04:04,463.0
2017-11-22 13:09:03,385.0
2017-11-22 13:14:40,470.0
2017-11-22 13:20:03,385.0
2017-11-22 13:25:03,470.0
2017-11-22 13:30:33,392.0
2017-11-22 13:35:33,478.0
2017-11-22 13:40:37,392.0
2017-11-22 13:45:33,485.0
2017-11-22 13:50:39,392.0
2017-11-22 13:55:34,492.0
2017-11-22 14:01:03,392.0
2017-11-22 14:06:03,501.0
2017-11-22 14:11:03,392.0
2017-11-22 14:16:02,510.0
2017-11-22 14:21:34,392.0
2017-11-22 14:27:03,521.0
2017-11-22 14:32:02,392.0
2017-11-22 14:37:33,530.0
2017-11-22 14:42:32,392.0
2017-11-22 14:48:03,530.0
2017-11-22 14:53:02,392.0
2017-11-22 14:58:32,
2017-11-22 15:01:01,537.0
2017-11-22 15:04:04,392.0
2017-11-22 15:09:39,544.0
2017-11-22 15:15:07,392.0
2017-11-22 15:20:03,544.0
2017-11-22 15:25:05,401.0
2017-11-22 15:30:03,544.0
2017-11-22 15:35:33,401.0
2017-11-22 15:41:02,552.0
2017-11-22 15:46:03,408.0
2017-11-22 15:51:03,559.0
2017-11-22 15:56:02,415.0
2017-11-22 16:01:02,568.0
2017-11-22 16:06:02,422.0
2017-11-22 16:11:03,577.0
2017-11-22 16:16:32,422.0
2017-11-22 16:21:35,577.0
2017-11-22 16:27:02,422.0
2017-11-22 16:32:05,584.0
2017-11-22 16:37:02,422.0
2017-11-22 16:42:02,584.0
2017-11-22 16:47:07,422.0
2017-11-22 16:52:02,593.0
2017-11-22 16:57:02,422.0
2017-11-22 17:02:32,593.0
2017-11-22 17:07:32,431.0
2017-11-22 17:13:02,593.0
2017-11-22 17:18:02,438.0
2017-11-22 17:23:02,593.0
2017-11-22 17:28:05,438.0
2017-11-22 17:33:02,593.0
2017-11-22 17:38:02,446.0
2017-11-22 17:43:02,593.0
2017-11-22 17:48:32,446.0
2017-11-22 17:53:32,602.0
2017-11-22 17:58:32,446.0
2017-11-22 18:03:32,602.0
2017-11-22 18:09:02,446.0
2017-11-22 18:14:02,609.0
2017-11-22 18:19:33,446.0
2017-11-22 18:25:02,609.0
2017-11-22 18:30:02,446.0
2017-11-22 18:35:02,609.0
2017-11-22 18:40:02,446.0
2017-11-22 18:45:02,609.0
2017-11-22 18:50:02,453.0
2017-11-22 18:55:02,609.0
2017-11-22 19:00:03,453.0
2017-11-22 19:05:32,609.0
2017-11-22 19:10:32,453.0
2017-11-22 19:16:05,609.0
2017-11-22 19:21:02,453.0
2017-11-22 19:26:02,609.0
2017-11-22 19:31:34,453.0
2017-11-22 19:36:32,609.0
2017-11-22 19:41:32,453.0
2017-11-22 19:46:32,609.0
2017-11-22 19:51:32,453.0
2017-11-22 19:56:32,609.0
2017-11-22 20:02:02,453.0
2017-11-22 20:07:02,609.0
2017-11-22 20:12:06,453.0
2017-11-22 20:17:02,609.0
2017-11-22 20:22:02,453.0
2017-11-22 20:27:07,609.0
2017-11-22 20:32:01,453.0
2017-11-22 20:37:32,609.0
2017-11-22 20:42:32,453.0
2017-11-22 20:47:32,609.0
2017-11-22 20:52:31,453.0
2017-11-22 20:57:37,
2017-11-22 20:57:47,609.0
2017-11-22 21:03:02,453.0
2017-11-22 21:08:03,609.0
2017-11-22 21:13:04,453.0
2017-11-22 21:18:02,609.0
2017-11-22 21:23:32,453.0
2017-11-22 21:28:32,609.0
2017-11-22 21:34:02,453.0
2017-11-22 21:39:03,609.0
2017-11-22 21:44:03,453.0
2017-11-22 21:49:01,609.0
2017-11-22 21:54:01,453.0
2017-11-22 21:59:33,609.0
2017-11-22 22:05:02,453.0
2017-11-22 22:10:02,609.0
2017-11-22 22:15:01,
2017-11-22 22:15:17,453.0
2017-11-22 22:20:04,609.0
2017-11-22 22:25:01,453.0
2017-11-22 22:30:01,609.0
2017-11-22 22:35:02,453.0
2017-11-22 22:40:01,609.0
2017-11-22 22:45:02,453.0
2017-11-22 22:50:31,609.0
2017-11-22 22:55:31,453.0
2017-11-22 23:01:01,609.0
2017-11-22 23:06:37,453.0
2017-11-22 23:12:01,609.0
2017-11-22 23:17:01,453.0
2017-11-22 23:22:03,609.0
2017-11-22 23:27:33,453.0
2017-11-22 23:33:01,609.0
2017-11-22 23:38:01,453.0
2017-11-22 23:43:01,609.0
2017-11-22 23:48:01,453.0
2017-11-22 23:53:01,609.0
2017-11-22 23:58:03,
2017-11-22 23:58:17,453.0
2017-11-23 00:03:01,609.0
2017-11-23 00:08:01,453.0
2017-11-23 00:13:03,609.0
2017-11-23 00:18:01,453.0
2017-11-23 00:23:01,609.0
2017-11-23 00:28:31,453.0
2017-11-23 00:33:35,609.0
2017-11-23 00:38:33,453.0
2017-11-23 00:43:38,609.0
2017-11-23 00:48:31,453.0
2017-11-23 00:53:31,609.0
2017-11-23 00:59:01,453.0
2017-11-23 01:04:31,609.0
2017-11-23 01:09:31,453.0
2017-11-23 01:15:01,609.0
2017-11-23 01:20:01,453.0
2017-11-23 01:25:01,609.0
2017-11-23 01:30:01,453.0
2017-11-23 01:35:01,609.0
2017-11-23 01:40:31,453.0
2017-11-23 01:45:32,609.0
2017-11-23 01:50:33,453.0
2017-11-23 01:56:05,
2017-11-23 03:28:05,
2017-11-23 04:08:33,609.0
2017-11-23 04:24:36,453.0
2017-11-23 04:30:07,609.0
2017-11-23 04:35:05,453.0
2017-11-23 04:40:06,609.0
2017-11-23 04:45:34,453.0
2017-11-23 04:51:07,609.0
2017-11-23 04:56:04,453.0
2017-11-23 05:01:35,609.0
2017-11-23 05:06:45,462.0
2017-11-23 05:12:12,609.0
2017-11-23 05:17:09,462.0
2017-11-23 05:22:06,609.0
2017-11-23 05:27:04,462.0
2017-11-23 05:32:34,609.0
2017-11-23 05:37:39,462.0
2017-11-23 05:42:32,609.0
2017-11-23 05:47:34,462.0
2017-11-23 05:52:33,616.0
2017-11-23 05:57:39,462.0
2017-11-23 06:02:37,616.0
2017-11-23 06:07:30,462.0
2017-11-23 06:12:32,616.0
2017-11-23 06:17:40,462.0
2017-11-23 06:22:34,616.0
2017-11-23 06:28:07,462.0
2017-11-23 06:33:02,616.0
2017-11-23 06:38:36,462.0
2017-11-23 06:43:32,616.0
2017-11-23 06:48:30,
2017-11-23 06:59:41,462.0
2017-11-23 07:04:35,
2017-11-23 07:15:34,616.0
2017-11-23 07:21:03,462.0
2017-11-23 07:26:04,
2017-11-23 07:36:35,616.0
2017-11-23 07:41:34,462.0
2017-11-23 07:46:31,616.0
2017-11-23 07:51:36,462.0
2017-11-23 07:57:09,616.0
2017-11-23 08:02:01,470.0
2017-11-23 08:07:06,616.0
2017-11-23 08:12:04,470.0
2017-11-23 08:17:04,616.0
2017-11-23 08:22:03,470.0
2017-11-23 08:27:06,616.0
2017-11-23 08:32:00,479.0
2017-11-23 08:37:37,616.0
2017-11-23 08:43:07,479.0
2017-11-23 08:48:08,623.0
2017-11-23 08:53:33,479.0
2017-11-23 08:59:05,623.0
2017-11-23 09:04:34,479.0
2017-11-23 09:09:33,632.0
2017-11-23 09:14:34,479.0
2017-11-23 09:20:04,632.0
2017-11-23 09:25:38,487.0
2017-11-23 09:30:31,641.0
2017-11-23 09:35:38,487.0
2017-11-23 09:40:38,641.0
2017-11-23 09:46:04,487.0
2017-11-23 09:51:09,647.0
2017-11-23 09:56:00,494.0
2017-11-23 10:01:01,647.0
2017-11-23 10:06:36,500.0
2017-11-23 10:11:33,647.0
2017-11-23 10:16:37,500.0
2017-11-23 10:21:32,653.0
2017-11-23 10:26:42,500.0
2017-11-23 10:31:34,653.0
2017-11-23 10:36:32,506.0
2017-11-23 10:41:36,653.0
2017-11-23 10:46:38,514.0
2017-11-23 10:52:04,653.0
2017-11-23 10:57:05,514.0
2017-11-23 11:02:34,662.0
2017-11-23 11:07:35,514.0
2017-11-23 11:12:31,669.0
2017-11-23 11:18:05,514.0
2017-11-23 11:23:03,669.0
2017-11-23 11:28:01,514.0
2017-11-23 11:32:59,675.0
2017-11-23 11:38:06,514.0
2017-11-23 11:43:07,682.0
2017-11-23 11:48:34,514.0
2017-11-23 11:53:31,696.0
2017-11-23 11:58:37,521.0
2017-11-23 12:04:10,703.0
2017-11-23 12:09:05,521.0
2017-11-23 12:14:38,703.0
2017-11-23 12:19:29,521.0
2017-11-23 12:25:11,711.0
2017-11-23 12:30:05,522.0
2017-11-23 12:35:13,717.0
2017-11-23 12:40:04,522.0
2017-11-23 12:45:33,724.0
2017-11-23 12:50:39,522.0
2017-11-23 12:55:36,732.0
2017-11-23 13:00:36,529.0
2017-11-23 13:05:33,739.0
2017-11-23 13:11:01,529.0
2017-11-23 13:16:06,739.0
2017-11-23 13:21:01,537.0
2017-11-23 13:26:05,739.0
2017-11-23 13:31:00,543.0
2017-11-23 13:36:07,739.0
2017-11-23 13:41:06,543.0
2017-11-23 13:46:08,746.0
2017-11-23 13:51:00,543.0
2017-11-23 13:56:36,746.0
2017-11-23 14:02:05,550.0
2017-11-23 14:07:08,746.0
2017-11-23 14:12:37,556.0
2017-11-23 14:17:42,746.0
2017-11-23 14:23:03,556.0
2017-11-23 14:28:05,752.0
2017-11-23 14:33:06,556.0
2017-11-23 14:38:01,752.0
2017-11-23 14:43:33,563.0
2017-11-23 14:48:39,752.0
2017-11-23 14:54:01,569.0
2017-11-23 14:59:04,
2017-11-23 15:01:49,752.0
2017-11-23 15:04:06,569.0
2017-11-23 15:09:33,760.0
2017-11-23 15:14:59,569.0
2017-11-23 15:20:34,760.0
2017-11-23 15:25:36,576.0
2017-11-23 15:31:05,760.0
2017-11-23 15:36:03,583.0
2017-11-23 15:41:43,760.0
2017-11-23 15:46:32,591.0
2017-11-23 15:51:33,760.0
2017-11-23 15:57:04,591.0
2017-11-23 16:02:05,760.0
2017-11-23 16:07:04,600.0
2017-11-23 16:12:07,760.0
2017-11-23 16:17:31,607.0
2017-11-23 16:23:05,760.0
2017-11-23 16:27:59,607.0
2017-11-23 16:33:20,767.0
2017-11-23 16:38:00,607.0
2017-11-23 16:43:35,767.0
2017-11-23 16:48:35,607.0
2017-11-23 16:53:34,775.0
2017-11-23 16:58:38,607.0
2017-11-23 17:03:31,775.0
2017-11-23 17:09:00,615.0
2017-11-23 17:14:43,775.0
2017-11-23 17:19:33,615.0
2017-11-23 17:25:06,785.0
2017-11-23 17:30:12,615.0
2017-11-23 17:35:06,785.0
2017-11-23 17:39:59,615.0
2017-11-23 17:45:00,785.0
2017-11-23 17:50:36,615.0
2017-11-23 17:55:36,792.0
2017-11-23 18:01:07,615.0
2017-11-23 18:06:36,799.0
2017-11-23 18:11:53,621.0
2017-11-23 18:17:30,805.0
2017-11-23 18:22:59,627.0
2017-11-23 18:27:58,805.0
2017-11-23 18:33:24,627.0
2017-11-23 18:38:33,812.0
2017-11-23 18:44:04,627.0
2017-11-23 18:48:55,812.0
2017-11-23 18:54:02,627.0
2017-11-23 18:59:23,812.0
2017-11-23 19:05:03,627.0
2017-11-23 19:10:22,812.0
2017-11-23 19:15:54,627.0
2017-11-23 19:20:54,819.0
2017-11-23 19:26:21,627.0
2017-11-23 19:31:26,819.0
2017-11-23 19:36:53,627.0
2017-11-23 19:41:57,819.0
2017-11-23 19:47:09,627.0
2017-11-23 19:52:00,819.0
2017-11-23 19:57:27,627.0
2017-11-23 20:02:28,819.0
2017-11-23 20:07:23,627.0
2017-11-23 20:12:55,819.0
2017-11-23 20:18:03,627.0
2017-11-23 20:23:05,819.0
2017-11-23 20:27:59,627.0
2017-11-23 20:32:59,819.0
2017-11-23 20:37:52,627.0
2017-11-23 20:43:25,819.0
2017-11-23 20:48:23,627.0
2017-11-23 20:53:25,819.0
2017-11-23 20:58:57,627.0
2017-11-23 21:03:59,819.0
2017-11-23 21:08:55,627.0
2017-11-23 21:14:27,819.0
2017-11-23 21:19:29,627.0
2017-11-23 21:24:27,819.0
2017-11-23 21:29:33,627.0
2017-11-23 21:34:24,819.0
2017-11-23 21:39:25,627.0
2017-11-23 21:44:54,819.0
2017-11-23 21:49:58,627.0
2017-11-23 21:54:52,819.0
2017-11-23 21:59:58,627.0
2017-11-23 22:05:23,819.0
2017-11-23 22:10:25,627.0
2017-11-23 22:15:33,819.0
2017-11-23 22:20:58,627.0
2017-11-23 22:25:54,819.0
2017-11-23 22:30:57,627.0
2017-11-23 22:35:55,819.0
2017-11-23 22:41:29,627.0
2017-11-23 22:46:37,819.0
2017-11-23 22:51:21,627.0
2017-11-23 22:56:56,819.0
2017-11-23 23:01:52,627.0
2017-11-23 23:06:56,819.0
2017-11-23 23:12:22,627.0
2017-11-23 23:17:28,819.0
2017-11-23 23:22:58,627.0
2017-11-23 23:27:57,819.0
2017-11-23 23:32:58,627.0
2017-11-23 23:38:27,819.0
2017-11-23 23:43:34,627.0
2017-11-23 23:48:28,819.0
2017-11-23 23:53:54,627.0
2017-11-23 23:59:03,819.0
2017-11-24 00:03:57,627.0
2017-11-24 00:09:25,819.0
2017-11-24 00:14:53,627.0
2017-11-24 00:20:02,819.0
2017-11-24 00:24:51,627.0
2017-11-24 00:30:26,819.0
2017-11-24 00:35:26,627.0
2017-11-24 00:40:29,819.0
2017-11-24 00:45:32,627.0
2017-11-24 00:50:32,819.0
2017-11-24 00:56:01,627.0
2017-11-24 01:00:53,819.0
2017-11-24 01:05:51,
2017-11-24 01:06:00,627.0
2017-11-24 01:10:53,819.0
2017-11-24 01:16:21,627.0
2017-11-24 01:21:24,819.0
2017-11-24 01:26:23,627.0
2017-11-24 01:32:05,819.0
2017-11-24 01:36:52,627.0
2017-11-24 01:41:58,819.0
2017-11-24 01:46:52,627.0
2017-11-24 01:51:57,819.0
2017-11-24 01:56:56,627.0
2017-11-24 03:13:24,819.0
2017-11-24 03:30:02,627.0
2017-11-24 04:36:21,819.0
2017-11-24 04:41:42,627.0
2017-11-24 04:46:23,819.0
2017-11-24 04:52:01,627.0
2017-11-24 04:56:49,819.0
2017-11-24 05:02:26,627.0
2017-11-24 05:07:22,826.0
2017-11-24 05:12:31,627.0
2017-11-24 05:17:41,826.0
2017-11-24 05:22:27,627.0
2017-11-24 05:27:26,826.0
2017-11-24 05:32:55,627.0
2017-11-24 05:38:25,
2017-11-24 05:48:25,
2017-11-24 05:58:59,826.0
2017-11-24 06:03:57,
2017-11-24 06:14:29,637.0
2017-11-24 06:19:31,
2017-11-24 06:29:58,826.0
2017-11-24 06:34:55,
2017-11-24 06:45:19,637.0
2017-11-24 06:50:30,826.0
2017-11-24 06:55:33,637.0
2017-11-24 07:00:22,826.0
2017-11-24 07:05:54,637.0
2017-11-24 07:11:14,827.0
2017-11-24 07:16:08,637.0
2017-11-24 07:21:35,827.0
2017-11-24 07:31:27,834.0
2017-11-24 07:36:55,637.0
2017-11-24 07:41:56,834.0
2017-11-24 07:46:52,637.0
2017-11-24 07:51:55,834.0
2017-11-24 07:57:26,637.0
2017-11-24 08:02:24,834.0
2017-11-24 08:07:26,637.0
2017-11-24 08:12:25,834.0
2017-11-24 08:17:26,644.0
2017-11-24 08:22:58,834.0
2017-11-24 08:28:19,644.0
2017-11-24 08:33:25,834.0
2017-11-24 08:43:50,842.0
2017-11-24 08:48:58,644.0
2017-11-24 08:59:21,651.0
2017-11-24 09:09:52,659.0
2017-11-24 09:14:57,850.0
2017-11-24 09:25:37,
2017-11-24 09:35:29,859.0
2017-11-24 09:40:52,682.0
2017-11-24 09:51:19,690.0
2017-11-24 09:56:28,
2017-11-24 10:07:23,
2017-11-24 10:17:50,871.0
2017-11-24 10:22:59,704.0
2017-11-24 10:27:51,878.0
2017-11-24 10:33:22,704.0
2017-11-24 10:38:22,878.0
2017-11-24 10:43:26,711.0
2017-11-24 10:48:28,878.0
2017-11-24 10:54:10,711.0
2017-11-24 10:58:50,878.0
2017-11-24 11:03:55,711.0
2017-11-24 11:08:59,885.0
2017-11-24 11:14:26,711.0
2017-11-24 11:20:04,892.0
2017-11-24 11:24:59,711.0
2017-11-24 11:29:52,900.0
2017-11-24 11:34:59,711.0
2017-11-24 11:40:19,900.0
2017-11-24 11:45:18,717.0
2017-11-24 11:50:54,900.0
2017-11-24 11:56:26,717.0
2017-11-24 12:01:30,900.0
2017-11-24 12:06:38,724.0
2017-11-24 12:11:23,907.0
2017-11-24 12:16:30,724.0
2017-11-24 12:21:23,907.0
2017-11-24 12:26:28,731.0
2017-11-24 12:32:07,907.0
2017-11-24 12:36:49,731.0
2017-11-24 12:42:21,915.0
2017-11-24 12:47:52,731.0
2017-11-24 12:52:49,921.0
2017-11-24 12:58:31,731.0
2017-11-24 13:04:07,921.0
2017-11-24 13:08:57,738.0
2017-11-24 13:14:21,921.0
2017-11-24 13:19:30,745.0
2017-11-24 13:24:23,921.0
2017-11-24 13:29:22,745.0
2017-11-24 13:34:59,928.0
2017-11-24 13:40:03,745.0
2017-11-24 13:44:49,938.0
2017-11-24 13:50:09,752.0
2017-11-24 13:54:52,938.0
2017-11-24 14:00:26,761.0
2017-11-24 14:05:20,938.0
2017-11-24 14:10:28,769.0
2017-11-24 14:15:53,938.0
2017-11-24 14:21:25,769.0
2017-11-24 14:27:03,938.0
2017-11-24 14:32:13,777.0
2017-11-24 14:37:06,938.0
2017-11-24 14:42:25,777.0
2017-11-24 14:47:25,946.0
2017-11-24 14:52:32,777.0
2017-11-24 14:57:22,946.0
2017-11-24 15:02:53,777.0
2017-11-24 15:07:19,946.0
2017-11-24 15:12:24,785.0
2017-11-24 15:53:51,
2017-11-24 16:03:51,
2017-11-24 17:06:21,792.0
2017-11-24 17:32:51,977.0
2017-11-24 17:38:21,799.0
2017-11-24 17:53:21,977.0
2017-11-24 18:40:21,831.0
2017-11-24 19:05:21,1020.0
2017-11-24 19:10:51,841.0
2017-11-24 19:26:51,1020.0
2017-11-24 21:37:51,922.0
2017-11-24 21:43:21,1059.0
2017-11-24 21:48:21,931.0
2017-11-24 21:53:51,1059.0
2017-11-24 22:04:21,1066.0
2017-11-24 22:30:21,938.0
2017-11-24 23:01:51,945.0
2017-11-25 01:27:53,1018.0
2017-11-25 03:51:19,1074.0
2017-11-25 04:32:26,1105.0
2017-11-25 04:47:20,1221.0
2017-11-25 05:03:21,1113.0
2017-11-25 05:08:24,1238.0
2017-11-25 05:13:19,1113.0
2017-11-25 05:18:24,1247.0
2017-11-25 05:23:22,1113.0
2017-11-25 05:28:19,1254.0
2017-11-25 05:33:54,1113.0
2017-11-25 05:38:46,1263.0
2017-11-25 05:43:50,1113.0
2017-11-25 05:48:51,1270.0
2017-11-25 05:53:54,1113.0
2017-11-25 05:58:47,1277.0
2017-11-25 06:04:19,1121.0
2017-11-25 06:09:48,1277.0
2017-11-25 06:14:53,1128.0
2017-11-25 06:19:46,1277.0
2017-11-25 06:24:46,1137.0
2017-11-25 06:30:17,1277.0
2017-11-25 06:35:17,1144.0
2017-11-25 06:40:20,1277.0
2017-11-25 06:45:24,1151.0
2017-11-25 06:50:17,1277.0
2017-11-25 06:55:20,1159.0
2017-11-25 07:00:54,1277.0
2017-11-25 07:05:46,1166.0
2017-11-25 07:11:23,1277.0
2017-11-25 07:16:17,1174.0
2017-11-25 07:21:19,1286.0
2017-11-25 07:26:22,1174.0
2017-11-25 07:31:53,1292.0
2017-11-25 07:37:15,1174.0
2017-11-25 07:42:17,1299.0
2017-11-25 07:47:25,1174.0
2017-11-25 07:52:16,1308.0
2017-11-25 07:57:19,1174.0
2017-11-25 08:02:45,1315.0
2017-11-25 08:07:47,1174.0
2017-11-25 08:13:22,1324.0
2017-11-25 08:18:51,1174.0
2017-11-25 08:23:52,1333.0
2017-11-25 08:28:52,1174.0
2017-11-25 08:34:16,1340.0
2017-11-25 08:39:54,1181.0
2017-11-25 08:44:52,1340.0
2017-11-25 08:49:55,1189.0
2017-11-25 08:55:16,1340.0
2017-11-25 09:00:15,1197.0
2017-11-25 09:05:15,1340.0
2017-11-25 09:10:45,1204.0
2017-11-25 09:15:51,1340.0
2017-11-25 09:20:44,1211.0
2017-11-25 09:25:46,1341.0
2017-11-25 09:31:19,1221.0
2017-11-25 09:36:53,1349.0
2017-11-25 09:41:48,1221.0
2017-11-25 09:46:52,1356.0
2017-11-25 09:51:49,1221.0
2017-11-25 09:57:16,1364.0
2017-11-25 10:02:15,1221.0
2017-11-25 10:07:18,1372.0
2017-11-25 10:12:29,1221.0
2017-11-25 10:17:21,1379.0
2017-11-25 10:22:50,1221.0
2017-11-25 10:28:30,1386.0
2017-11-25 10:33:50,1230.0
2017-11-25 10:38:53,1386.0
2017-11-25 10:43:47,1230.0
2017-11-25 10:48:51,1392.0
2017-11-25 10:53:47,1237.0
2017-11-25 10:58:47,1392.0
2017-11-25 11:09:47,1400.0
2017-11-25 11:14:50,1247.0
2017-11-25 11:20:17,1400.0
2017-11-25 11:31:23,1408.0
2017-11-25 11:36:52,1255.0
2017-11-25 11:41:53,1417.0
2017-11-25 11:52:50,1425.0
2017-11-25 11:57:50,1256.0
2017-11-25 12:02:49,1433.0
2017-11-25 12:07:52,1256.0
2017-11-25 12:12:45,1443.0
2017-11-25 12:18:18,1256.0
2017-11-25 12:23:21,1450.0
2017-11-25 12:28:53,1265.0
2017-11-25 12:33:54,1450.0
2017-11-25 12:38:50,1274.0
2017-11-25 12:43:44,1450.0
2017-11-25 12:48:49,1282.0
2017-11-25 12:53:50,1450.0
2017-11-25 12:58:53,1290.0
2017-11-25 13:04:23,1450.0
2017-11-25 13:09:50,1298.0
2017-11-25 13:14:48,1450.0
2017-11-25 13:19:49,1305.0
2017-11-25 13:24:49,1458.0
2017-11-25 13:29:48,1305.0
2017-11-25 13:34:48,1469.0
2017-11-25 13:40:21,1305.0
2017-11-25 13:45:45,1477.0
2017-11-25 13:50:47,1305.0
2017-11-25 13:56:18,1484.0
2017-11-25 14:01:21,1312.0
2017-11-25 14:06:49,1484.0
2017-11-25 14:11:48,1320.0
2017-11-25 14:16:52,1484.0
2017-11-25 14:21:45,1329.0
2017-11-25 14:27:17,1484.0
2017-11-25 14:32:20,1335.0
2017-11-25 14:37:44,1484.0
2017-11-25 14:42:47,1342.0
2017-11-25 14:47:49,1484.0
2017-11-25 14:52:50,1351.0
2017-11-25 14:58:19,1492.0
2017-11-25 15:03:49,1351.0
2017-11-25 15:09:20,1500.0
2017-11-25 15:14:21,
2017-11-25 15:14:23,1360.0
2017-11-25 15:22:29,1500.0
2017-11-25 15:24:49,1367.0
2017-11-25 15:29:46,1500.0
2017-11-25 15:35:04,1374.0
2017-11-25 15:39:46,1500.0
2017-11-25 15:44:51,1381.0
2017-11-25 15:50:17,1500.0
2017-11-25 15:55:56,1389.0
2017-11-25 16:00:47,1500.0
2017-11-25 16:06:20,1396.0
2017-11-25 16:11:50,1507.0
2017-11-25 16:16:45,1396.0
2017-11-25 16:21:49,1507.0
2017-11-25 16:26:49,1404.0
2017-11-25 16:31:45,1513.0
2017-11-25 16:36:54,1404.0
2017-11-25 16:42:21,1520.0
2017-11-25 16:47:45,1412.0
2017-11-25 16:52:50,1520.0
2017-11-25 16:57:49,1412.0
2017-11-25 17:02:57,1529.0
2017-11-25 17:07:53,1421.0
2017-11-25 17:12:56,1529.0
2017-11-25 17:17:55,1429.0
2017-11-25 17:23:19,1538.0
2017-11-25 17:28:22,1429.0
2017-11-25 17:33:57,1545.0
2017-11-25 17:39:27,1429.0
2017-11-25 17:44:28,1553.0
2017-11-25 17:50:01,1429.0
2017-11-25 17:59:00,1560.0
2017-11-25 18:03:41,1436.0
2017-11-25 18:08:42,1560.0
2017-11-25 18:13:43,1442.0
2017-11-25 18:19:18,1560.0
2017-11-25 18:24:45,1450.0
2017-11-25 18:30:25,1560.0
2017-11-25 18:35:14,1459.0
2017-11-25 18:40:53,1560.0
2017-11-25 18:45:48,1469.0
2017-11-25 18:50:47,1560.0
2017-11-25 18:55:46,1476.0
2017-11-25 19:01:19,1568.0
2017-11-25 19:06:14,1476.0
2017-11-25 19:11:43,1574.0
2017-11-25 19:17:09,1476.0
2017-11-25 19:22:44,1583.0
2017-11-25 19:27:40,1476.0
2017-11-25 19:32:40,1590.0
2017-11-25 19:37:46,1476.0
2017-11-25 19:42:47,1597.0
2017-11-25 19:48:15,1476.0
2017-11-25 19:53:21,1605.0
2017-11-25 19:58:43,1476.0
2017-11-25 20:03:52,1613.0
2017-11-25 20:09:12,1476.0
2017-11-25 20:14:13,1621.0
2017-11-25 20:19:45,1483.0
2017-11-25 20:24:44,1621.0
2017-11-25 20:29:38,1490.0
2017-11-25 20:35:11,1621.0
2017-11-25 20:40:48,1498.0
2017-11-25 20:45:42,1621.0
2017-11-25 20:51:11,1506.0
2017-11-25 20:56:11,1621.0
2017-11-25 21:01:10,1515.0
2017-11-25 21:06:43,1621.0
2017-11-25 21:11:51,
2017-11-25 21:11:55,1522.0
2017-11-25 21:17:14,1629.0
2017-11-25 21:22:16,1522.0
2017-11-25 21:27:42,1638.0
2017-11-25 21:32:42,1522.0
2017-11-25 21:38:19,1646.0
2017-11-25 21:43:53,1522.0
2017-11-25 21:48:44,1655.0
2017-11-25 21:54:14,1530.0
2017-11-25 21:59:09,1655.0
2017-11-25 22:04:42,1538.0
2017-11-25 22:10:08,1655.0
2017-11-25 22:15:12,1546.0
2017-11-25 22:20:13,1655.0
2017-11-25 22:25:12,1553.0
2017-11-25 22:30:12,1655.0
2017-11-25 22:35:43,1563.0
2017-11-25 22:41:17,1655.0
2017-11-25 22:46:13,1570.0
2017-11-25 22:51:23,1655.0
2017-11-25 22:56:24,1577.0
2017-11-25 23:01:23,1655.0
2017-11-25 23:06:25,1584.0
2017-11-25 23:11:25,1663.0
2017-11-25 23:17:06,1584.0
2017-11-25 23:22:06,1663.0
2017-11-25 23:27:10,1593.0
2017-11-25 23:31:57,1671.0
2017-11-25 23:37:16,1593.0
2017-11-25 23:42:04,1680.0
2017-11-25 23:47:25,1593.0
2017-11-25 23:52:26,1686.0
2017-11-25 23:57:26,1593.0
2017-11-26 00:02:56,1693.0
2017-11-26 00:08:00,1593.0
2017-11-26 00:13:27,1699.0
2017-11-26 00:18:24,1593.0
2017-11-26 00:23:32,1706.0
2017-11-26 00:28:59,1601.0
2017-11-26 00:33:58,1706.0
2017-11-26 00:39:22,1609.0
2017-11-26 00:44:39,1706.0
2017-11-26 00:49:57,1616.0
2017-11-26 00:54:55,1706.0
2017-11-26 01:00:01,1625.0
2017-11-26 01:05:30,1706.0
2017-11-26 01:10:37,1634.0
2017-11-26 01:15:58,1706.0
2017-11-26 01:20:52,1640.0
2017-11-26 01:26:02,1706.0
2017-11-26 01:31:02,1648.0
2017-11-26 01:36:01,1706.0
2017-11-26 01:41:27,1654.0
2017-11-26 01:46:35,1712.0
2017-11-26 01:51:53,1654.0
2017-11-26 01:56:54,1720.0
2017-11-26 03:01:14,1741.0
2017-11-26 03:41:02,1750.0
2017-11-26 04:11:22,1775.0
2017-11-26 04:37:30,1707.0
2017-11-26 04:52:37,1803.0
2017-11-26 05:17:55,1727.0
2017-11-26 05:23:24,1803.0
2017-11-26 05:28:30,1735.0
2017-11-26 05:33:54,1803.0
2017-11-26 05:38:59,1743.0
2017-11-26 05:43:55,1803.0
2017-11-26 05:49:21,1750.0
2017-11-26 05:54:27,1803.0
2017-11-26 05:59:23,1757.0
2017-11-26 06:04:27,1803.0
2017-11-26 06:10:02,1765.0
2017-11-26 06:15:01,1810.0
2017-11-26 06:20:00,1765.0
2017-11-26 06:25:24,1818.0
2017-11-26 06:30:38,1765.0
2017-11-26 06:35:51,1825.0
2017-11-26 06:40:53,1765.0
2017-11-26 06:45:57,1833.0
2017-11-26 06:50:54,1765.0
2017-11-26 06:56:21,1841.0
2017-11-26 07:01:28,1765.0
2017-11-26 07:06:57,1849.0
2017-11-26 07:11:51,1765.0
2017-11-26 07:16:52,1857.0
2017-11-26 07:22:02,1765.0
2017-11-26 07:27:29,1865.0
2017-11-26 07:32:27,1771.0
2017-11-26 07:37:52,1865.0
2017-11-26 07:42:52,1777.0
2017-11-26 07:48:38,1865.0
2017-11-26 07:53:23,1786.0
2017-11-26 07:58:26,1865.0
2017-11-26 08:04:15,1795.0
2017-11-26 08:08:53,1865.0
2017-11-26 08:13:52,1804.0
2017-11-26 08:19:14,1865.0
2017-11-26 08:24:04,1813.0
2017-11-26 08:28:58,1865.0
2017-11-26 08:33:56,1820.0
2017-11-26 08:39:10,1865.0
2017-11-26 08:44:04,1827.0
2017-11-26 08:49:01,1865.0
2017-11-26 08:54:28,1835.0
2017-11-26 08:59:58,1865.0
2017-11-26 09:04:51,1842.0
2017-11-26 09:09:59,1873.0
2017-11-26 09:14:56,1842.0
2017-11-26 09:19:55,1879.0
2017-11-26 09:24:53,1842.0
2017-11-26 09:29:55,1887.0
2017-11-26 09:35:16,1842.0
2017-11-26 09:39:55,1893.0
2017-11-26 09:44:55,1842.0
2017-11-26 09:50:26,1900.0
2017-11-26 09:55:23,1842.0
2017-11-26 10:00:23,1907.0
2017-11-26 10:06:01,1842.0
2017-11-26 10:11:21,1914.0
2017-11-26 10:16:57,1842.0
2017-11-26 10:21:52,1919.0
2017-11-26 10:27:24,1850.0
2017-11-26 10:33:04,1919.0
2017-11-26 10:37:56,1856.0
2017-11-26 10:43:24,1919.0
2017-11-26 10:48:26,1865.0
2017-11-26 10:53:21,1919.0
2017-11-26 10:58:53,1874.0
2017-11-26 11:04:22,1919.0
2017-11-26 11:09:27,1882.0
2017-11-26 11:14:33,1919.0
2017-11-26 11:19:22,1888.0
2017-11-26 11:24:22,1927.0
2017-11-26 11:30:05,1888.0
2017-11-26 11:34:57,1935.0
2017-11-26 11:40:33,1888.0
2017-11-26 11:45:23,1943.0
2017-11-26 11:50:24,1888.0
2017-11-26 11:56:01,1951.0
2017-11-26 12:00:57,1888.0
2017-11-26 12:06:30,1959.0
2017-11-26 12:12:00,1896.0
2017-11-26 12:17:10,1959.0
2017-11-26 12:22:33,1904.0
2017-11-26 12:27:24,1959.0
2017-11-26 12:32:21,1910.0
2017-11-26 12:37:39,1959.0
2017-11-26 12:42:52,1918.0
2017-11-26 12:48:00,1959.0
2017-11-26 12:52:57,1967.0
2017-11-26 13:03:28,
2017-11-26 13:13:57,1926.0
2017-11-26 13:19:43,1983.0
2017-11-26 13:25:00,1926.0
2017-11-26 13:35:22,
2017-11-26 13:45:29,1934.0
2017-11-26 13:50:27,1997.0
2017-11-26 13:55:54,1941.0
2017-11-26 14:00:56,1997.0
2017-11-26 14:06:32,1948.0
2017-11-26 14:11:22,2004.0
2017-11-26 14:16:26,1948.0
2017-11-26 14:22:09,2010.0
2017-11-26 14:26:50,1948.0
2017-11-26 14:31:59,2017.0
2017-11-26 14:36:57,1948.0
2017-11-26 14:42:28,2025.0
2017-11-26 14:48:02,1948.0
2017-11-26 14:52:58,2032.0
2017-11-26 14:58:03,1948.0
2017-11-26 15:02:55,2039.0
2017-11-26 15:07:55,1948.0
2017-11-26 15:12:54,2046.0
2017-11-26 15:17:51,1948.0
2017-11-26 15:23:24,2053.0
2017-11-26 15:28:21,1957.0
2017-11-26 15:33:34,2053.0
2017-11-26 15:38:50,1966.0
2017-11-26 15:43:50,2053.0
2017-11-26 15:48:58,1974.0
2017-11-26 15:53:55,2053.0
2017-11-26 15:59:28,1982.0
2017-11-26 16:04:58,2053.0
2017-11-26 16:10:00,1990.0
2017-11-26 16:14:54,2053.0
2017-11-26 16:19:50,1996.0
2017-11-26 16:24:59,2060.0
2017-11-26 16:30:41,1996.0
2017-11-26 16:35:26,2067.0
2017-11-26 16:41:05,1996.0
2017-11-26 16:45:58,2075.0
2017-11-26 16:50:59,1996.0
2017-11-26 16:55:57,2084.0
2017-11-26 17:01:34,1996.0
2017-11-26 17:06:28,2092.0
2017-11-26 17:11:37,1996.0
2017-11-26 17:16:34,2100.0
2017-11-26 17:21:55,2004.0
2017-11-26 17:27:06,2100.0
2017-11-26 17:32:27,2012.0
2017-11-26 17:37:30,2100.0
2017-11-26 17:42:36,2020.0
2017-11-26 17:51:29,2108.0
2017-11-26 17:57:01,2020.0
2017-11-26 18:02:35,2116.0
2017-11-26 18:07:27,2020.0
2017-11-26 18:12:37,2122.0
2017-11-26 18:17:30,2020.0
2017-11-26 18:22:54,2130.0
2017-11-26 18:28:27,2020.0
2017-11-26 18:33:59,
2017-11-26 18:44:30,2139.0
2017-11-26 18:50:10,2038.0
2017-11-26 18:55:00,2139.0
2017-11-26 18:59:54,2046.0
2017-11-26 19:04:59,2139.0
2017-11-26 19:10:29,2053.0
2017-11-26 19:15:28,2139.0
2017-11-26 19:21:03,2062.0
2017-11-26 19:25:56,2139.0
2017-11-26 19:31:03,2071.0
2017-11-26 19:36:02,2139.0
2017-11-26 19:40:54,2081.0
2017-11-26 19:45:57,2139.0
2017-11-26 19:51:03,2090.0
2017-11-26 19:55:54,2146.0
2017-11-26 20:01:04,2090.0
2017-11-26 20:06:00,2146.0
2017-11-26 20:11:24,2097.0
2017-11-26 20:17:07,2153.0
2017-11-26 20:22:01,2097.0
2017-11-26 20:27:24,2161.0
2017-11-26 20:32:29,2097.0
2017-11-26 20:37:55,2169.0
2017-11-26 20:43:00,2097.0
2017-11-26 20:48:00,2177.0
2017-11-26 20:53:00,2097.0
2017-11-26 20:58:05,2185.0
2017-11-26 21:02:59,2097.0
2017-11-26 21:08:02,2193.0
2017-11-26 21:12:54,2097.0
2017-11-26 21:18:29,2200.0
2017-11-26 21:23:59,2105.0
2017-11-26 21:29:05,2200.0
2017-11-26 21:34:00,2112.0
2017-11-26 21:39:28,2200.0
2017-11-26 21:44:25,2119.0
2017-11-26 21:49:23,2200.0
2017-11-26 21:55:00,2126.0
2017-11-26 22:00:07,2200.0
2017-11-26 22:05:29,2135.0
2017-11-26 22:11:06,2200.0
2017-11-26 22:16:30,2144.0
2017-11-26 22:21:33,2200.0
2017-11-26 22:26:31,2152.0
2017-11-26 22:31:37,2209.0
2017-11-26 22:36:28,2152.0
2017-11-26 22:41:40,2217.0
2017-11-26 22:46:39,2152.0
2017-11-26 22:51:33,2226.0
2017-11-26 22:56:35,2152.0
2017-11-26 23:01:33,2234.0
2017-11-26 23:06:29,2152.0
2017-11-26 23:11:36,2241.0
2017-11-26 23:17:02,2152.0
2017-11-26 23:21:59,2249.0
2017-11-26 23:27:41,2152.0
2017-11-26 23:33:06,2259.0
2017-11-26 23:38:03,2152.0
2017-11-26 23:43:00,2267.0
2017-11-26 23:48:32,2161.0
2017-11-26 23:53:28,
2017-11-26 23:53:55,2267.0
2017-11-26 23:59:03,2168.0
2017-11-27 00:04:05,2267.0
2017-11-27 00:09:05,2176.0
2017-11-27 00:13:58,2267.0
2017-11-27 00:19:32,2185.0
2017-11-27 00:24:30,2267.0
2017-11-27 00:29:28,2193.0
2017-11-27 00:39:40,2200.0
2017-11-27 00:44:36,2267.0
2017-11-27 00:50:04,2207.0
2017-11-27 00:55:01,2267.0
2017-11-27 01:00:04,2215.0
2017-11-27 01:05:30,2273.0
2017-11-27 01:10:59,2215.0
2017-11-27 01:16:06,2282.0
2017-11-27 01:21:00,2215.0
2017-11-27 01:26:40,2289.0
2017-11-27 01:31:30,2215.0
2017-11-27 01:37:04,2296.0
2017-11-27 01:42:00,2215.0
2017-11-27 01:47:35,2303.0
2017-11-27 01:52:42,2215.0
2017-11-27 01:57:33,2311.0
2017-11-27 03:50:00,2342.0
2017-11-27 04:05:37,2276.0
2017-11-27 04:32:21,2370.0
2017-11-27 04:48:06,2289.0
2017-11-27 05:03:03,2370.0
2017-11-27 05:19:04,2313.0
2017-11-27 05:29:04,2320.0
2017-11-27 05:34:02,2378.0
2017-11-27 05:39:08,2320.0
2017-11-27 05:44:41,2385.0
2017-11-27 05:49:31,2326.0
2017-11-27 05:54:36,2385.0
2017-11-27 05:59:29,2333.0
2017-11-27 06:04:57,
2017-11-27 06:05:07,2385.0
2017-11-27 06:10:04,2341.0
2017-11-27 06:15:08,2385.0
2017-11-27 06:20:31,2349.0
2017-11-27 06:26:01,2393.0
2017-11-27 06:31:09,2349.0
2017-11-27 06:40:59,2356.0
2017-11-27 06:46:04,2401.0
2017-11-27 06:51:09,2363.0
2017-11-27 06:56:32,2411.0
2017-11-27 07:01:31,2363.0
2017-11-27 07:06:28,2420.0
2017-11-27 07:12:02,2363.0
2017-11-27 07:17:00,2428.0
2017-11-27 07:22:05,2363.0
2017-11-27 07:26:59,2435.0
2017-11-27 07:32:40,2363.0
2017-11-27 07:37:30,2443.0
2017-11-27 07:42:43,2363.0
2017-11-27 07:47:36,2451.0
2017-11-27 07:52:58,2371.0
2017-11-27 07:58:41,2451.0
2017-11-27 08:03:40,2379.0
2017-11-27 08:14:06,2387.0
2017-11-27 08:19:02,2467.0
2017-11-27 08:24:35,2387.0
2017-11-27 08:29:31,2475.0
2017-11-27 08:34:57,2394.0
2017-11-27 08:39:58,2475.0
2017-11-27 08:45:37,2401.0
2017-11-27 08:51:04,2483.0
2017-11-27 08:56:05,2401.0
2017-11-27 09:01:37,2491.0
2017-11-27 09:06:39,2401.0
2017-11-27 09:11:34,2491.0
2017-11-27 09:17:06,2408.0
2017-11-27 09:22:02,2491.0
2017-11-27 09:27:34,2408.0
2017-11-27 09:32:36,2491.0
2017-11-27 09:37:35,2417.0
2017-11-27 09:42:35,2491.0
2017-11-27 09:48:01,2425.0
2017-11-27 09:53:04,2491.0
2017-11-27 09:58:44,2425.0
2017-11-27 10:04:08,2499.0
2017-11-27 10:08:43,
2017-11-27 10:10:40,2425.0
2017-11-27 10:14:40,2506.0
2017-11-27 10:19:32,2425.0
2017-11-27 10:25:54,2516.0
2017-11-27 10:30:08,2425.0
2017-11-27 10:35:32,2516.0
2017-11-27 10:40:27,2433.0
2017-11-27 10:56:35,2516.0
2017-11-27 11:01:27,
2017-11-27 11:12:10,2442.0
2017-11-27 11:17:30,2524.0
2017-11-27 11:22:33,2450.0
2017-11-27 11:27:27,2524.0
2017-11-27 11:33:03,2458.0
2017-11-27 11:38:05,2524.0
2017-11-27 11:43:18,2464.0
2017-11-27 11:48:00,2524.0
2017-11-27 11:53:36,2473.0
2017-11-27 11:59:05,2524.0
2017-11-27 12:03:57,2483.0
2017-11-27 12:09:09,2524.0
2017-11-27 12:14:37,2491.0
2017-11-27 12:19:59,2524.0
2017-11-27 12:25:27,2491.0
2017-11-27 12:31:02,2524.0
2017-11-27 12:35:58,2498.0
2017-11-27 12:41:33,2524.0
2017-11-27 12:46:28,2505.0
2017-11-27 12:52:00,2524.0
2017-11-27 12:56:57,
2017-11-27 12:57:01,2505.0
2017-11-27 13:02:33,2538.0
2017-11-27 13:08:05,2514.0
2017-11-27 13:12:56,2545.0
2017-11-27 13:17:57,2522.0
2017-11-27 13:23:29,2553.0
2017-11-27 13:29:00,2522.0
2017-11-27 13:34:04,2560.0
2017-11-27 13:39:06,2522.0
2017-11-27 13:44:09,2567.0
2017-11-27 13:49:04,2536.0
2017-11-27 13:54:07,2576.0
2017-11-27 13:59:33,2536.0
2017-11-27 14:04:28,2583.0
2017-11-27 14:09:59,2544.0
2017-11-27 14:15:06,2583.0
2017-11-27 14:20:31,2551.0
2017-11-27 14:25:27,2583.0
2017-11-27 14:31:03,2551.0
2017-11-27 14:36:32,2590.0
2017-11-27 14:41:31,2551.0
2017-11-27 14:46:59,2597.0
2017-11-27 14:52:15,2557.0
2017-11-27 14:56:57,
2017-11-27 15:03:18,2597.0
2017-11-27 15:04:13,2567.0
2017-11-27 15:07:35,2597.0
2017-11-27 15:12:30,2574.0
2017-11-27 15:18:02,2604.0
2017-11-27 15:22:56,2574.0
2017-11-27 15:28:04,2612.0
2017-11-27 15:33:05,2574.0
2017-11-27 15:38:26,2612.0
2017-11-27 15:44:05,2574.0
2017-11-27 15:49:36,2619.0
2017-11-27 15:55:02,2574.0
2017-11-27 16:00:00,2628.0
2017-11-27 16:05:06,2574.0
2017-11-27 16:10:02,2636.0
2017-11-27 16:15:43,2574.0
2017-11-27 16:20:29,2636.0
2017-11-27 16:25:59,2582.0
2017-11-27 16:30:59,2645.0
2017-11-27 16:35:57,2582.0
2017-11-27 16:40:56,2645.0
2017-11-27 16:46:03,2590.0
2017-11-27 16:51:28,2645.0
2017-11-27 16:56:33,2590.0
2017-11-27 17:01:29,2654.0
2017-11-27 17:06:29,2597.0
2017-11-27 17:11:33,2661.0
2017-11-27 17:16:26,2605.0
2017-11-27 17:22:00,2668.0
2017-11-27 17:27:02,2614.0
2017-11-27 17:32:26,2674.0
2017-11-27 17:38:00,2614.0
2017-11-27 17:42:59,2675.0
2017-11-27 17:47:56,
2017-11-27 17:47:57,2620.0
2017-11-27 17:53:32,2675.0
2017-11-27 17:59:08,2620.0
2017-11-27 18:04:32,2675.0
2017-11-27 18:09:38,2627.0
2017-11-27 18:14:32,2675.0
2017-11-27 18:20:04,2627.0
2017-11-27 18:25:03,2675.0
2017-11-27 18:30:34,2627.0
2017-11-27 18:36:06,2675.0
2017-11-27 18:40:58,2627.0
2017-11-27 18:46:05,2682.0
2017-11-27 18:51:39,2627.0
2017-11-27 18:56:27,2682.0
2017-11-27 19:01:57,
2017-11-27 19:02:04,2627.0
2017-11-27 19:07:10,2682.0
2017-11-27 19:12:09,2635.0
2017-11-27 19:17:03,2682.0
2017-11-27 19:22:34,2635.0
2017-11-27 19:27:41,2682.0
2017-11-27 19:32:40,2635.0
2017-11-27 19:37:34,2682.0
2017-11-27 19:42:59,2635.0
2017-11-27 19:48:01,2689.0
2017-11-27 19:52:57,2635.0
2017-11-27 19:58:02,2689.0
2017-11-27 20:03:30,2635.0
2017-11-27 20:08:41,2689.0
2017-11-27 20:13:45,2635.0
2017-11-27 20:18:30,2689.0
2017-11-27 20:23:28,2635.0
2017-11-27 20:28:56,2689.0
2017-11-27 20:34:31,2635.0
2017-11-27 20:39:35,2689.0
2017-11-27 20:44:57,2635.0
2017-11-27 20:50:04,2689.0
2017-11-27 20:55:27,2635.0
2017-11-27 21:01:04,2689.0
2017-11-27 21:06:05,2635.0
2017-11-27 21:10:59,2689.0
2017-11-27 21:16:02,2635.0
2017-11-27 21:21:31,2689.0
2017-11-27 21:26:30,2635.0
2017-11-27 21:31:25,2689.0
2017-11-27 21:36:33,2635.0
2017-11-27 21:41:59,2689.0
2017-11-27 21:46:56,2635.0
2017-11-27 21:52:00,2689.0
2017-11-27 21:57:34,2635.0
2017-11-27 22:02:29,2689.0
2017-11-27 22:07:58,2635.0
2017-11-27 22:13:01,2689.0
2017-11-27 22:17:59,2635.0
2017-11-27 22:22:57,2689.0
2017-11-27 22:28:11,2635.0
2017-11-27 22:33:38,2689.0
2017-11-27 22:38:39,2635.0
2017-11-27 22:43:56,2689.0
2017-11-27 22:49:01,2635.0
2017-11-27 22:54:26,2689.0
2017-11-27 22:59:33,2635.0
2017-11-27 23:04:56,2689.0
2017-11-27 23:10:27,2635.0
2017-11-27 23:16:25,2689.0
2017-11-27 23:20:55,2635.0
2017-11-27 23:25:54,2689.0
2017-11-27 23:30:56,2635.0
2017-11-27 23:36:24,2689.0
2017-11-27 23:42:02,2635.0
2017-11-27 23:46:59,2699.0
2017-11-27 23:52:27,2635.0
2017-11-27 23:57:24,2699.0
2017-11-28 00:02:30,2635.0
2017-11-28 00:07:25,2699.0
2017-11-28 00:12:29,2635.0
2017-11-28 00:18:00,2699.0
2017-11-28 00:22:54,2635.0
2017-11-28 00:27:55,2699.0
2017-11-28 00:32:54,2635.0
2017-11-28 00:37:54,2699.0
2017-11-28 00:42:54,2635.0
2017-11-28 00:47:54,2699.0
2017-11-28 00:52:54,2635.0
2017-11-28 00:57:54,2699.0
2017-11-28 01:02:54,2635.0
2017-11-28 01:08:24,2699.0
2017-11-28 01:13:56,2635.0
2017-11-28 01:18:55,2699.0
2017-11-28 01:23:54,2635.0
2017-11-28 01:28:56,2699.0
2017-11-28 01:34:26,2635.0
2017-11-28 01:39:55,2699.0
2017-11-28 01:44:54,2635.0
2017-11-28 01:50:24,2699.0
2017-11-28 01:55:29,2635.0
2017-11-28 12:32:09,2776.0
2017-11-28 12:37:06,2742.0
2017-11-28 12:42:02,2776.0
2017-11-28 12:47:19,2750.0
2017-11-28 12:52:06,2776.0
2017-11-28 12:57:18,2757.0
2017-11-28 13:02:42,2776.0
2017-11-28 13:08:09,2757.0
2017-11-28 13:13:10,2776.0
2017-11-28 13:18:08,2765.0
2017-11-28 13:23:10,2784.0
2017-11-28 13:28:16,2765.0
2017-11-28 13:33:13,2792.0
2017-11-28 13:38:51,2772.0
2017-11-28 13:44:08,2792.0
2017-11-28 13:49:07,2781.0
2017-11-28 13:54:37,2792.0
2017-11-28 13:59:35,2788.0
2017-11-28 14:04:43,2792.0
2017-11-28 14:09:36,2796.0
2017-11-28 14:14:41,2799.0
2017-11-28 14:20:03,2796.0
2017-11-28 14:25:41,2799.0
2017-11-28 14:30:36,2803.0
2017-11-28 14:35:36,2799.0
2017-11-28 14:41:14,2809.0
2017-11-28 14:46:45,2799.0
2017-11-28 14:51:44,2817.0
2017-11-28 15:07:08,
2017-11-28 15:28:16,2807.0
2017-11-28 15:33:11,2832.0
2017-11-28 15:38:07,2814.0
2017-11-28 15:43:08,2832.0
2017-11-28 15:48:03,2821.0
2017-11-28 15:53:41,2832.0
2017-11-28 15:58:34,2829.0
2017-11-28 16:03:43,2832.0
2017-11-28 16:13:36,2840.0
2017-11-28 16:19:10,2829.0
2017-11-28 16:29:32,2838.0
2017-11-28 16:35:07,
2017-11-28 16:45:13,2855.0
2017-11-28 16:50:33,
2017-11-28 17:01:09,2856.0
2017-11-28 17:06:07,2864.0
2017-11-28 17:11:10,2856.0
2017-11-28 17:16:37,2872.0
2017-11-28 17:21:34,2856.0
2017-11-28 17:26:38,2872.0
2017-11-28 17:32:14,2856.0
2017-11-28 17:37:03,2880.0
2017-11-28 17:42:38,2856.0
2017-11-28 17:48:08,2880.0
2017-11-28 17:53:06,2856.0
2017-11-28 17:58:36,2880.0
2017-11-28 18:04:18,2864.0
2017-11-28 18:09:20,2880.0
2017-11-28 18:14:53,2864.0
2017-11-28 18:19:54,2880.0
2017-11-28 18:24:41,
2017-11-28 18:35:15,2864.0
2017-11-28 18:40:40,2890.0
2017-11-28 18:45:47,2864.0
2017-11-28 18:50:47,2890.0
2017-11-28 18:55:54,2864.0
2017-11-28 19:01:14,2890.0
2017-11-28 19:06:11,2864.0
2017-11-28 19:11:20,2890.0
2017-11-28 19:16:13,2864.0
2017-11-28 19:21:28,2890.0
2017-11-28 19:26:15,
2017-11-28 19:36:46,2864.0
2017-11-28 19:42:02,2890.0
2017-11-28 19:47:23,2864.0
2017-11-28 19:52:09,2890.0
2017-11-28 19:57:41,2864.0
2017-11-28 20:02:38,2890.0
2017-11-28 20:07:40,2864.0
2017-11-28 20:13:15,2890.0
2017-11-28 20:18:14,2864.0
2017-11-28 20:23:51,
2017-11-28 20:33:44,2890.0
2017-11-28 20:39:13,2872.0
2017-11-28 20:44:09,2890.0
2017-11-28 20:49:14,2872.0
2017-11-28 20:54:38,2890.0
2017-11-28 21:00:02,2872.0
2017-11-28 21:04:44,
2017-11-28 21:14:39,2890.0
2017-11-28 21:20:17,2872.0
2017-11-28 21:25:13,2890.0
2017-11-28 21:30:44,2872.0
2017-11-28 21:36:04,2890.0
2017-11-28 21:41:18,2872.0
2017-11-28 21:46:46,2890.0
2017-11-28 21:51:41,2872.0
2017-11-28 21:57:13,2890.0
2017-11-28 22:02:12,2872.0
2017-11-28 22:07:05,2890.0
2017-11-28 22:12:55,2872.0
2017-11-28 22:17:44,2890.0
2017-11-28 22:22:51,2872.0
2017-11-28 22:27:40,2890.0
2017-11-28 22:32:45,2872.0
2017-11-28 22:37:50,2890.0
2017-11-28 22:42:41,2872.0
2017-11-28 22:48:04,2890.0
2017-11-28 22:53:18,2872.0
2017-11-28 22:58:57,2890.0
2017-11-28 23:03:36,2872.0
2017-11-28 23:09:19,2890.0
2017-11-28 23:14:14,2872.0
2017-11-28 23:19:11,2890.0
2017-11-28 23:24:40,2872.0
2017-11-28 23:30:09,2890.0
2017-11-28 23:35:45,2872.0
2017-11-28 23:40:36,2890.0
2017-11-28 23:45:39,2872.0
2017-11-28 23:50:44,2890.0
2017-11-28 23:55:42,2872.0
2017-11-29 00:01:08,2890.0
2017-11-29 00:06:36,2872.0
2017-11-29 00:11:50,2890.0
2017-11-29 00:16:52,2872.0
2017-11-29 00:21:58,2890.0
2017-11-29 00:26:56,2872.0
2017-11-29 00:32:21,2890.0
2017-11-29 00:37:58,2872.0
2017-11-29 00:42:50,2890.0
2017-11-29 00:47:56,2872.0
2017-11-29 00:53:26,2890.0
2017-11-29 00:58:54,2872.0
2017-11-29 01:04:52,2890.0
2017-11-29 01:09:34,2872.0
2017-11-29 01:14:28,2890.0
2017-11-29 01:19:42,2872.0
2017-11-29 01:25:33,2890.0
2017-11-29 01:30:13,2872.0
2017-11-29 01:36:08,2890.0
2017-11-29 01:41:10,2872.0
2017-11-29 01:46:12,2890.0
2017-11-29 01:51:45,2872.0
2017-11-29 03:29:53,
2017-11-29 04:01:49,
2017-11-29 04:32:10,2890.0
2017-11-29 05:38:46,
2017-11-29 06:09:42,2879.0
2017-11-29 06:14:55,2890.0
2017-11-29 08:16:19,2893.0
2017-11-29 08:47:12,2900.0
2017-11-29 09:22:58,2905.0
2017-11-29 10:04:02,2913.0
2017-11-29 11:01:47,2927.0
2017-11-29 12:02:17,2953.0
2017-11-29 12:54:21,2967.0
2017-11-29 13:14:10,2961.0
2017-11-29 13:51:11,2983.0
2017-11-29 14:37:00,2990.0
2017-11-29 15:18:26,2982.0
2017-11-29 16:37:13,
2017-11-29 17:09:18,3037.0
2017-11-29 17:24:36,3009.0
2017-11-29 17:29:41,3046.0
2017-11-29 17:34:36,3009.0
2017-11-29 17:40:05,3046.0
2017-11-29 17:45:11,3016.0
2017-11-29 17:50:35,3046.0
2017-11-29 17:55:36,3016.0
2017-11-29 18:00:44,3046.0
2017-11-29 18:05:45,3016.0
2017-11-29 18:11:13,3046.0
2017-11-29 18:16:07,3016.0
2017-11-29 18:21:15,3046.0
2017-11-29 18:26:46,3016.0
2017-11-29 18:31:39,3053.0
2017-11-29 18:36:36,3016.0
2017-11-29 18:41:45,3053.0
2017-11-29 18:46:35,3016.0
2017-11-29 18:51:44,3053.0
2017-11-29 18:57:22,
2017-11-29 19:07:39,3016.0
2017-11-29 19:13:04,3053.0
2017-11-29 19:18:12,3016.0
2017-11-29 19:23:43,3053.0
2017-11-29 19:29:08,3016.0
2017-11-29 19:34:01,3053.0
2017-11-29 19:39:34,3016.0
2017-11-29 19:44:36,3053.0
2017-11-29 19:49:41,3016.0
2017-11-29 19:54:32,3053.0
2017-11-29 20:00:24,3016.0
2017-11-29 20:05:13,3053.0
2017-11-29 20:10:44,3016.0
2017-11-29 20:15:50,3053.0
2017-11-29 20:21:06,3016.0
2017-11-29 20:26:28,3053.0
2017-11-29 20:32:07,3016.0
2017-11-29 20:37:43,3053.0
2017-11-29 20:42:52,
2017-11-29 22:16:27,3016.0
2017-11-29 22:21:12,3053.0
2017-11-29 22:25:56,3016.0
2017-11-29 22:31:18,3053.0
2017-11-29 22:36:15,3016.0
2017-11-29 22:41:39,3053.0
2017-11-29 22:47:02,3016.0
2017-11-29 22:52:24,3053.0
2017-11-29 22:57:42,3016.0
2017-11-29 23:03:18,3053.0
2017-11-29 23:08:15,3016.0
2017-11-29 23:13:12,3053.0
2017-11-29 23:18:57,3016.0
2017-11-29 23:23:49,3053.0
2017-11-29 23:29:24,3016.0
2017-11-29 23:34:54,3053.0
2017-11-29 23:39:32,3016.0
2017-11-29 23:44:40,3053.0
2017-11-29 23:49:34,3016.0
2017-11-29 23:55:38,3053.0
2017-11-30 00:01:08,3016.0
2017-11-30 00:05:46,3053.0
2017-11-30 00:10:50,3016.0
2017-11-30 00:15:45,3053.0
2017-11-30 00:20:44,3016.0
2017-11-30 00:26:31,3053.0
2017-11-30 00:31:44,3016.0
2017-11-30 00:36:15,3053.0
2017-11-30 00:41:54,3016.0
2017-11-30 00:46:42,3053.0
2017-11-30 00:52:14,3016.0
2017-11-30 00:57:18,3053.0
2017-11-30 01:02:44,3016.0
2017-11-30 01:07:48,3053.0
2017-11-30 01:13:05,3016.0
2017-11-30 01:18:07,3053.0
2017-11-30 01:23:22,3016.0
2017-11-30 01:28:41,3053.0
2017-11-30 01:33:42,3016.0
2017-11-30 01:38:55,3053.0
2017-11-30 01:44:08,3016.0
2017-11-30 01:49:07,3053.0
2017-11-30 01:54:40,
2017-11-30 03:29:08,3016.0
2017-11-30 04:05:37,
2017-11-30 05:07:34,3053.0
2017-11-30 05:12:05,
2017-11-30 05:43:38,
2017-11-30 06:45:17,3023.0
2017-11-30 06:50:52,3053.0
2017-11-30 07:52:23,3063.0
2017-11-30 07:57:09,
2017-11-30 08:41:38,3023.0
2017-11-30 10:35:27,3046.0
2017-11-30 11:16:51,3053.0
2017-11-30 12:14:22,3137.0
2017-11-30 12:45:18,
2017-11-30 12:50:46,3062.0
2017-11-30 13:51:41,3070.0
2017-11-30 14:02:09,3078.0
2017-11-30 14:07:19,
2017-11-30 14:17:49,3180.0
2017-11-30 14:23:25,
2017-11-30 14:33:19,3086.0
2017-11-30 14:44:22,3093.0
2017-11-30 14:54:24,3100.0
2017-11-30 15:19:34,3196.0
2017-11-30 15:40:21,3107.0
2017-11-30 15:45:17,
2017-11-30 15:52:49,3115.0
2017-11-30 16:00:11,3205.0
2017-11-30 16:05:09,
2017-11-30 16:09:13,3115.0
2017-11-30 16:15:49,3121.0
2017-11-30 16:20:42,3219.0
2017-11-30 16:44:49,3225.0
2017-11-30 16:46:15,3134.0
2017-11-30 16:51:24,3232.0
2017-11-30 16:56:04,3134.0
2017-11-30 17:16:04,3141.0
2017-11-30 17:22:10,3232.0
2017-11-30 17:27:04,
2017-11-30 17:47:01,3148.0
2017-11-30 17:54:19,3241.0
2017-11-30 18:21:24,3156.0
2017-11-30 18:25:09,
2017-11-30 18:51:29,
2017-11-30 18:55:43,3248.0
2017-11-30 19:01:15,3162.0
2017-11-30 19:06:04,3248.0
2017-11-30 19:11:44,3162.0
2017-11-30 19:38:17,3170.0
2017-11-30 19:48:06,3283.0
2017-11-30 19:53:34,3177.0
2017-11-30 20:12:50,3184.0
2017-11-30 20:14:15,3191.0
2017-11-30 20:19:09,3291.0
2017-11-30 20:45:04,
2017-11-30 20:55:42,3208.0
2017-11-30 21:16:34,
2017-11-30 21:17:46,3216.0
2017-11-30 21:21:47,3328.0
2017-11-30 21:27:11,3216.0
2017-11-30 21:32:04,3336.0
2017-11-30 21:37:42,3224.0
2017-11-30 22:06:47,3364.0
2017-11-30 22:08:42,3232.0
2017-11-30 22:14:10,3364.0
2017-11-30 22:19:34,3239.0
2017-11-30 22:38:29,3380.0
2017-11-30 22:40:50,3248.0
2017-11-30 22:45:55,3380.0
2017-11-30 22:50:34,3253.0
2017-11-30 23:06:34,3380.0
2017-11-30 23:27:32,3395.0
2017-11-30 23:32:12,3268.0
2017-11-30 23:37:13,
2017-11-30 23:41:41,
2017-11-30 23:48:08,3402.0
